target_id	sequence	nearest_target	nearest_distance	safe_at_k1	safe_at_k2	num_nearby_k1_risk_targets
Blank	CTCC	Z005E0001	2	no	no	5
Blank	ACAAA	Z005E0017	2	no	no	3
Z005E0001	TTCTC	Blank	2	no	no	2
Z005E0003	CGTCAA	Z005E0011	2	no	no	2
Z005E0004	AACGCCT	Z005E0028	2	no	no	1
Z005E0009	TGCA	Z005E0027	2	no	no	3
Z005E0010	AGCCC	Z005E0028	2	no	no	2
Z005E0011	CTTCCA	Blank	2	no	no	3
Z005E0012	AATATGC	Z005E0029	2	no	no	1
Z005E0017	ACTA	Z005E0046	1	no	no	2
Z005E0018	GTATT	Z005E0025	2	no	no	3
Z005E0019	GAGATA	Z005E0036	2	no	no	2
Z005E0020	ACGACTAC	Z005E0055	3	yes	no	0
Z005E0025	GTCT	Blank	2	no	no	6
Z005E0027	CTGTA	Z005E0009	2	no	no	3
Z005E0028	ATGCCT	Z005E0004	2	no	no	3
Z005E0029	AAGGATGC	Z005E0012	2	no	no	3
Z005E0036	GAAT	Z005E0018	2	no	no	7
Z005E0037	AGCAT	Z005E0009	2	no	no	8
Z005E0038	TATTTTT	Z005E0001	4	yes	no	0
Z005E0039	TAGCATGC	Z005E0029	2	no	no	2
Z005E0045	GCGT	Z005E0025	2	no	no	4
Z005E0046	ACTAT	Z005E0017	1	no	no	4
Z005E0047	CTTGCTT	Z005E0001	3	yes	no	0
Z005E0048	TAGGAAGC	Z005E0029	2	no	no	3
Z005E0053	TGGC	Z005E0009	2	no	no	2
Z005E0054	GAGAAT	Z005E0019	2	no	no	3
Z005E0055	ATGAAAC	Blank	3	yes	no	0
Z005E0056	TAGGCCAT	Z005E0004	3	yes	no	0
Z005E0061	CGAT	Z005E0036	2	no	no	4
Z005E0062	CCAGCT	Z005E0087	2	no	no	1
Z005E0063	AAAAGTT	Blank	4	yes	no	0
Z005E0064	TGCAAGGA	Z005E0071	3	yes	no	0
Z005E0070	CTTGA	Z005E0011	2	no	no	3
Z005E0071	TTCAGA	Blank	3	yes	no	0
Z005E0072	GAATTCA	Z005E0080	2	no	no	1
Z005E0073	TGGTACGT	Z005E0018	4	yes	no	0
Z005E0078	TCACC	Blank	2	no	no	1
Z005E0079	TAGGAA	Z005E0048	2	no	no	1
Z005E0080	GAACTTC	Z005E0072	2	no	no	1
Z005E0081	TCTCAGTC	Z005E0001	3	yes	no	0
Z005E0087	CTAGC	Blank	2	no	no	4
Z005E0088	GCTCTA	Z005E0025	2	no	no	2
Z005E0089	GGACCTA	Z005E0017	3	yes	no	0
Z005E0090	CCGGATAT	Z005E0018	4	yes	no	0
Z005E0095	CCACAA	Blank	2	no	no	2
Z005E0096	GTCGATT	Z005E0018	2	no	no	1
Z005E0097	CGCCTTAT	Z005E0003	4	yes	no	0
